Engine Temperature (Â°C),Brake Pad Thickness (mm),Tire Pressure (PSI),Maintenance Type,Anomaly Indication
0.04993417302997649,0.3308273853309376,0.7968499975857362,Repair,0.0
0.9045395583496401,0.7871801768027686,0.4141262163994983,Routine Maintenance,1.0
0.059133741564895814,0.8312986911096811,0.30545123974880983,Routine Maintenance,1.0
0.3034499344528605,0.17417931866033087,0.053100447220909786,Repair,0.0
0.6750500195005538,0.658735189619901,0.5599623540524288,Component Replacement,1.0
0.4683233967868343,0.46694750715244626,0.33053005019737736,Component Replacement,0.0
0.8250648149134188,0.05811663958654956,0.43562738259343003,Routine Maintenance,1.0
0.6158114628057003,0.7835141275363229,0.5098954858587241,Routine Maintenance,0.0
0.03542929003131423,0.8179521822504583,0.3838961969483252,Component Replacement,0.0
0.1982631793796914,0.02439304084434002,0.5536635232266431,Routine Maintenance,1.0
0.04867381119339509,0.5022309741918536,0.9148367069797523,Repair,0.0
0.11048913305812746,0.1826650940597354,0.9829260842346419,Routine Maintenance,0.0
0.08615297863501947,0.73654309940383,0.8388998780468788,Routine Maintenance,1.0
0.9015593136679065,0.2349879690674299,0.8542193231364932,Component Replacement,1.0
0.9443460175490204,0.6545940415415485,0.17395241798913297,Repair,0.0
0.9751049439833608,0.12969332490179286,0.10693700985306887,Component Replacement,1.0
0.20189793832977987,0.5871812732482586,0.1509071505893833,Routine Maintenance,1.0
0.9816674950622213,0.841028977113794,0.2986863047076982,Repair,0.0
0.29789585775405847,0.5132278007974795,0.6879956164793164,Component Replacement,1.0
0.9025024083473312,0.3026372185237536,0.7737308475582152,Repair,0.0
0.9366390107806897,0.42530673305751865,0.6791316396075002,Routine Maintenance,0.0
0.7134462627899865,0.5448101930865024,0.09373223509320772,Component Replacement,1.0
0.5923743453279968,0.40813461471637047,0.7148352535943161,Component Replacement,0.0
0.20502008036655628,0.5771104998107084,0.5899317733079616,Component Replacement,1.0
0.7636303462855301,0.007230553866293787,0.3200173153012207,Component Replacement,0.0
0.9122579605609404,0.8069654042694745,0.5425859691408048,Repair,0.0
0.2685038824060424,0.9270253372078499,0.7643364885599158,Repair,0.0
0.29874923887272953,0.8028642801175363,0.7600916171889494,Component Replacement,0.0
0.745291139994503,0.2843894429336651,0.9640132209949748,Routine Maintenance,1.0
0.33812130739484303,0.406928762731114,0.9376462877587075,Routine Maintenance,1.0
0.5842701983151697,0.8284295982617682,0.7682620418625534,Component Replacement,1.0
0.18452877238240273,0.6163409449183446,0.5435416526252719,Repair,0.0
0.4605052225308848,0.19909908737069815,0.7329181625766794,Component Replacement,0.0
0.4471397026975117,0.03864476482849155,0.6124657369637587,Component Replacement,1.0
0.3058793040024801,0.7058220438038396,0.21121764250775676,Repair,1.0
0.8541121086617265,0.7931271414667058,0.9100751698241893,Component Replacement,0.0
0.2354360777400748,0.13347816702419557,0.4773335564521841,Component Replacement,1.0
0.9334049500657544,0.5916035156935677,0.8479213516633592,Routine Maintenance,1.0
0.13886984777655886,0.8121715619496503,0.9785130094446508,Component Replacement,0.0
0.9137447406140549,0.6767785906888102,0.5447255621981073,Routine Maintenance,1.0
0.4456217686669248,0.12655561061205467,0.7257479677148253,Component Replacement,0.0
0.9026805112772136,0.0765779158694273,0.42441510273148975,Component Replacement,1.0
0.25891279619082397,0.3669382536749459,0.439909248080701,Component Replacement,1.0
0.26963759049828173,0.7309368588781375,0.060199453171089434,Component Replacement,1.0
0.5906065803009204,0.39879481207163847,0.6348256115579569,Routine Maintenance,1.0
0.7609572767808119,0.5519712938437042,0.8071193530380545,Routine Maintenance,0.0
0.6603620401963255,0.36387939660022295,0.23932634186007684,Repair,0.0
0.16466901056280836,0.7399753199082033,0.8010464996953388,Routine Maintenance,0.0
0.3336652676379046,0.9952771253361126,0.4463480416839678,Component Replacement,0.0
0.8864596972704861,0.181785376512978,0.7281838518733688,Repair,1.0
0.6343528552678679,0.6900380856104702,0.17784067377468382,Routine Maintenance,1.0
0.18414062401616427,0.22303154817198734,0.8061599982265517,Routine Maintenance,0.0
0.7715810042834725,0.6155960819835691,0.5628536887088806,Component Replacement,0.0
0.18497781804295776,0.42858235814169143,0.5171906955097749,Component Replacement,1.0
0.8114826693614967,0.6948376811873218,0.6153823591622856,Component Replacement,1.0
0.8034179037180458,0.08783397044995134,0.9136796144101837,Repair,0.0
0.13394436458366865,0.027939778224264078,0.9648611470569857,Repair,1.0
0.1927648935333286,0.1654635529252233,0.7478106478165372,Component Replacement,0.0
0.6921579512597109,0.682596199494431,0.7565643544382601,Repair,0.0
0.154834558441717,0.5686065604643946,0.7643965626881499,Routine Maintenance,0.0
0.13099508766372558,0.16459142766347679,0.8609251934397992,Routine Maintenance,1.0
0.9833825905137452,0.1817634870906868,0.4260159940719497,Component Replacement,1.0
0.9769720970323048,0.9231180005224626,0.8535466965614344,Repair,0.0
0.39514485088605333,0.36162160277063626,0.8439140401468617,Component Replacement,1.0
0.2820291324815374,0.11263510390793252,0.545686946711057,Component Replacement,0.0
0.4126473251052012,0.32741523304102094,0.7809026895993272,Component Replacement,0.0
0.5274132017340634,0.8748108815404336,0.493032283998144,Component Replacement,1.0
0.042223094277249906,0.5026509084320594,0.8871429824633887,Routine Maintenance,0.0
0.6388218693831487,0.29909292533092935,0.31155853616766693,Routine Maintenance,0.0
0.21204202587846055,0.15756900720896194,0.4796377035225077,Component Replacement,1.0
0.7429625742386072,0.6012614818406867,0.34977889580241106,Component Replacement,0.0
0.8117957964855114,0.7545938652506632,0.1666483029065855,Component Replacement,0.0
0.6639857418787107,0.6946174012214308,0.6640718470396334,Component Replacement,0.0
0.8397233459044022,0.7735928805100305,0.10787524199643128,Component Replacement,1.0
0.1939865952483535,0.023018523420357928,0.6883559722248451,Routine Maintenance,1.0
0.5576704301029816,0.08634878671112411,0.453927858345589,Repair,1.0
0.39704008574879346,0.9665065442682443,0.6498354125896837,Component Replacement,0.0
0.7991437633027605,0.10976050284745398,0.2524184679951329,Repair,0.0
0.6799656628795807,0.5303913312989956,0.5847762858490326,Component Replacement,1.0
0.15433250041998825,0.16533965191604505,0.406183702456127,Component Replacement,0.0
0.7025603639707505,0.43980030280939175,0.4398449231659183,Component Replacement,1.0
0.3133706097313107,0.21597611533036143,0.07002598683140704,Component Replacement,0.0
0.4498408882997893,0.287445410595935,0.9350320609169551,Component Replacement,1.0
0.24778915274976665,0.10150335623446383,0.675065799578717,Component Replacement,0.0
0.007498933460979629,0.6673426219271148,0.4499386316386862,Component Replacement,1.0
0.11643581246394596,0.43192559644392303,0.8169323873355361,Routine Maintenance,0.0
0.9594963516995589,0.1750086982651866,0.24666725812513146,Component Replacement,0.0
0.9486863073557164,0.7712553520806726,0.5546320279885326,Repair,0.0
0.05907413954681129,0.513437318290912,0.007210540954961431,Repair,0.0
0.8293678893469334,0.6761489191603436,0.1585216974178283,Routine Maintenance,0.0
0.3568421501371537,0.1458668998945707,0.25083800293276015,Repair,0.0
0.04571001628768645,0.6364617392706589,0.01552769638518292,Component Replacement,1.0
0.4829434796360932,0.5876922975345624,0.41285910736153886,Repair,0.0
0.6120018726806151,0.7609876291782487,0.5723901443781703,Routine Maintenance,1.0
0.32789980648801365,0.44612470641992785,0.9624174020992222,Routine Maintenance,1.0
0.9322527926957864,0.8279148991208793,0.12157139416125728,Routine Maintenance,1.0
0.6576943785498477,0.449097910984094,0.35828189669610166,Component Replacement,1.0
0.43081559443993367,0.6125015422542948,0.3757791288383281,Repair,0.0
0.110471613756987,0.6238586957121748,0.8109915018597644,Component Replacement,0.0
0.8884535733344645,0.0009659802793460237,0.46048683473546603,Component Replacement,1.0
0.6257040332161514,0.16820210252870837,0.9525948454722828,Routine Maintenance,1.0
0.1268227815273102,0.047507194014922316,0.5902100449810486,Routine Maintenance,0.0
0.16053159482741552,0.07660464134221923,0.9821764265329476,Routine Maintenance,0.0
0.16047443511380166,0.3302115326990307,0.4840343277675294,Component Replacement,1.0
0.8843044211482267,0.9513499082299659,0.09256617592414074,Repair,1.0
0.8715150246891268,0.5232958792732925,0.2915918359825467,Routine Maintenance,0.0
0.44396953118424065,0.01952881147582386,0.7860046173844406,Repair,1.0
0.3350577569429243,0.10833195257055794,0.842348823553237,Repair,0.0
0.3847405444437575,0.26454006667568564,0.1994958226974779,Component Replacement,1.0
0.12055412332134452,0.5827764992414646,0.9671845693787655,Repair,0.0
0.5082604585387829,0.8145682720594514,0.8945599950878833,Component Replacement,1.0
0.0746010244890174,0.5308807405591038,0.8452695913480892,Repair,1.0
0.6373247198813141,0.770875923691863,0.35717642922203696,Component Replacement,1.0
0.5879910700797506,0.46110787383571794,0.0,Repair,1.0
0.6162945652197669,0.9688576289924018,0.935683947860781,Routine Maintenance,0.0
0.3339838310133647,0.6172144570139055,0.11629754398675463,Component Replacement,0.0
0.8692345167039903,0.5605151779915871,0.10435803240828356,Routine Maintenance,0.0
0.0832221419917456,0.0094589371775895,0.9163436725051848,Routine Maintenance,1.0
0.02079219640142327,0.05072406809690322,0.3590066889414607,Component Replacement,0.0
0.1193130799155151,0.9512458229365119,0.7550566684191753,Component Replacement,1.0
0.8869470308219887,0.33651823327553476,0.01784626971231784,Repair,1.0
0.44926428882636316,0.7907837471536301,0.3155764256198035,Component Replacement,0.0
0.16660444438002653,0.043304522526201206,0.9525507253800254,Routine Maintenance,1.0
0.5767116244840338,0.4529784529734606,0.8070148168435645,Repair,0.0
0.35767115057203647,0.022067555401617645,0.32264926237079017,Repair,1.0
0.012743678026405192,0.8082202181482645,0.2352624388906719,Repair,0.0
0.01104317256893328,0.5677397401464344,0.9655920611183162,Component Replacement,0.0
0.24499118702963063,0.6887228942693033,0.23506242760298646,Repair,1.0
0.08280502733147532,0.5022614541441053,0.8089676945511961,Repair,1.0
0.014536332154011511,0.24000122058454476,0.5589351793947399,Routine Maintenance,1.0
0.7150195896548315,0.9051941984877314,0.2835499876505194,Routine Maintenance,0.0
0.6241203650282712,0.7294023380334262,0.4542536090252214,Component Replacement,0.0
0.893545138157319,0.12252182392571398,0.5556785094502903,Routine Maintenance,1.0
0.804968346747434,0.4998787620028058,0.5786565542978366,Component Replacement,0.0
0.18755455841162316,0.31439314724446543,0.7380481046568317,Routine Maintenance,0.0
0.7756707147850097,0.4455735082514165,0.9680749314256167,Repair,0.0
0.2497640498945053,0.40864453913729526,0.3104674598554915,Component Replacement,0.0
0.4458946998500348,0.4667296364897233,0.12306692134809616,Routine Maintenance,0.0
0.9962036170797459,0.9319715015514327,0.3288102712078853,Component Replacement,1.0
0.43589410799341355,0.726270965457281,0.7047875824056646,Component Replacement,1.0
0.5041445496347468,0.8779872384886593,0.3386600501209913,Repair,0.0
0.2260213648625813,0.9420548323086404,0.1207643162288008,Repair,1.0
0.5111317696968234,0.4065140764588562,0.9440045369694099,Routine Maintenance,0.0
0.8202776340664313,0.7743390825111947,0.7128430482358499,Repair,0.0
0.45354706202100914,0.5849622345160348,0.7164159278912687,Component Replacement,0.0
0.6446155861973333,0.1706175021875227,0.7774502901455125,Routine Maintenance,0.0
0.9229119232961311,0.43461536095426756,0.33179916810017174,Component Replacement,1.0
0.02975762340903465,0.5803490139132712,0.9873063016494892,Repair,1.0
0.5077178985306414,0.8107183512567604,0.7831646575549893,Repair,1.0
0.3456604147222766,0.26047209896335155,0.2703876765448543,Component Replacement,1.0
0.676592763978495,0.5272329976963817,0.49988780617443673,Routine Maintenance,1.0
0.607600062246707,0.18255694769065167,0.7627204306635598,Component Replacement,1.0
0.969389698421165,0.05260234290785393,0.6321935857015557,Component Replacement,0.0
0.14550351495386948,0.06937672330141154,0.8252347405661746,Component Replacement,0.0
0.49435998896309297,0.5045503491331156,0.77352235976704,Repair,0.0
0.6629106957460174,0.3880146760000045,0.5217537761719186,Repair,0.0
0.6765744811319658,0.8413033547918896,0.24500738592299198,Component Replacement,1.0
0.163629279530646,0.9460464369433312,0.3417718615644896,Routine Maintenance,1.0
0.23217029933952382,0.8279868004765849,0.7631694950195191,Component Replacement,0.0
0.6004305176707803,0.3885881937913882,0.6240381730260012,Routine Maintenance,1.0
0.47641688805021154,0.348999670407804,0.3834771664768386,Repair,1.0
0.6996938623842119,0.7471557468435814,0.4596205877427155,Repair,1.0
0.7210379564583418,0.18695217709533019,0.34175543133115704,Repair,0.0
0.951484480050234,0.565085001016103,0.23321998497995278,Repair,0.0
0.9317317075789298,0.06568983696319108,0.40996481120150907,Component Replacement,0.0
0.3009872119063566,0.24176915269559984,0.35632758346539184,Routine Maintenance,0.0
0.48507291999193747,0.58702940803787,0.5221774579225844,Repair,0.0
0.2804106690091803,0.6820424672103469,0.5590016651870151,Repair,1.0
0.6909518450419405,0.5473576553534654,0.13578198591021584,Repair,1.0
0.01861094525481466,0.42522701287509324,0.4506973244972765,Routine Maintenance,0.0
0.3535659832804816,0.8501506821102713,0.8693976327211472,Component Replacement,0.0
0.24175852068079084,0.028818179059939553,0.08740322369041653,Component Replacement,1.0
0.8772646103841772,0.7744549271910066,0.559214095651126,Repair,1.0
0.7844534602714388,0.5908118256935595,0.46413576537420953,Repair,1.0
0.7382862898827618,0.4080803632348897,0.9976943908535207,Routine Maintenance,0.0
0.1413466200437412,0.7480060737087877,0.8820277237304461,Repair,0.0
0.404414453282679,0.5136438778330501,0.07541080663064159,Component Replacement,1.0
0.681362677896284,0.3825003082275247,0.12337202267498526,Component Replacement,0.0
0.06453543005965301,0.4293647009483672,0.19164405018469122,Component Replacement,0.0
0.3768405255120957,0.1056367281095485,0.26351913284603956,Routine Maintenance,1.0
0.56583756009739,0.4468318108768077,0.5112681680331428,Component Replacement,1.0
0.0972215419764293,0.7787345472926706,0.33475563622382154,Component Replacement,0.0
0.6024513662369104,0.5398795804800036,0.7337685996562899,Routine Maintenance,0.0
0.6854302543460848,0.019524242056054186,0.3063923619364668,Repair,0.0
0.4803424198529731,0.13228064548008955,0.7769283244975385,Routine Maintenance,0.0
0.10560242960912003,0.9201927819633939,0.9356510318355324,Repair,0.0
0.47996561599685084,0.6230129204601098,0.1523565319221012,Repair,1.0
0.2250852469849276,0.8358468231588179,0.2852281762357314,Routine Maintenance,1.0
0.9702019226569458,0.8066759078695829,0.51401388656511,Component Replacement,1.0
0.3392771528951313,0.7919229137152066,0.34018886093621603,Component Replacement,0.0
0.2658214507751371,0.9031810946283987,0.7288343592763762,Repair,0.0
0.8122457228699362,0.21082006042127466,0.6324480293243426,Routine Maintenance,1.0
0.8106515625928639,0.11285266714964837,0.9275972527317835,Component Replacement,1.0
0.20694478693494656,0.38873441995681657,0.7920076267781928,Component Replacement,0.0
0.25509699198816804,0.9563146902541066,0.46045746475624894,Routine Maintenance,0.0
0.7077844557283122,0.16552176098728988,0.6905422849222087,Routine Maintenance,1.0
0.7293517767677278,0.6932544967298913,0.7971688729042534,Component Replacement,1.0
0.7876758397132964,0.7157587296597236,0.8451531216955201,Repair,0.0
0.8906747678917837,0.6347868583593299,0.464444951818074,Component Replacement,0.0
0.40832185636232676,0.39870892361146915,0.41509500437554525,Component Replacement,1.0
0.054009573476943906,0.5309225388439949,0.5281770296900077,Component Replacement,1.0
0.33674152404546653,0.7055537126032831,0.042125131625115664,Routine Maintenance,1.0
0.22597754006483228,0.22933532224800368,0.472691503263305,Component Replacement,1.0
0.6728925755569168,0.41907010986985327,0.9544363482638962,Repair,1.0
0.7142747143089974,0.9430521145792334,0.7388476892838214,Component Replacement,1.0
0.5325283997861714,0.730815787101911,0.5221232440822763,Component Replacement,1.0
0.9948555913703281,0.6310746111003229,0.3262000466527546,Component Replacement,1.0
0.8473441350033672,0.6243043037136571,0.24044654558989276,Component Replacement,1.0
0.8385238003078062,0.8765783638946658,0.8165041244447537,Component Replacement,0.0
0.4075481369705809,0.8726268073038652,0.46091005107481253,Repair,1.0
0.3914699786236291,0.8485264091093139,0.2842358847486537,Component Replacement,0.0
0.21082105872496104,0.5671347377090945,0.4381844189011619,Repair,1.0
0.982065108854802,0.8194952678242244,0.3776394347896401,Component Replacement,1.0
0.45376532199239694,0.9154668663252155,0.19396575798338755,Repair,0.0
0.03743130857447685,0.9353639858155578,0.8308584929917826,Component Replacement,1.0
0.505072662949865,0.9091213265664486,0.9037053313561034,Component Replacement,0.0
0.5460370514464703,0.49658777258897535,0.3936101644128178,Component Replacement,1.0
0.16631448730787035,0.8944368562242833,0.5852921862620564,Component Replacement,0.0
0.6415151001880073,0.2069574282301312,0.8237804756175211,Routine Maintenance,0.0
0.6145042153524827,0.5754837053127522,0.1911786775889861,Repair,1.0
0.01603928827369927,0.2512042538940831,0.3701315876955409,Repair,1.0
0.13315160786391456,0.1349214607871474,0.526973705820649,Repair,0.0
0.6134169588540752,0.8279912404893872,0.09494743927109273,Component Replacement,0.0
0.28160224457223304,0.9811201778438949,0.9279292819281393,Repair,1.0
0.18712354910049367,0.22581334627605165,0.32312693675278004,Routine Maintenance,1.0
0.1330070643046808,0.06609030694117268,0.6429158453552075,Routine Maintenance,1.0
0.20284494574381462,0.19053906523607367,0.47670662785849416,Repair,1.0
0.5279375171733269,0.5431034659412415,0.8106356223543614,Routine Maintenance,1.0
0.8384580539254802,0.5285738048425737,0.9779450872303137,Routine Maintenance,1.0
0.7713149271339752,0.0732462451467304,0.140062594066503,Routine Maintenance,1.0
0.5240048618800657,0.543166170985129,0.6423603940999336,Repair,0.0
0.3059200184364812,0.4108031295881911,0.8466480973458221,Repair,0.0
0.9850933137614888,0.4286194694928691,0.6494088016460218,Repair,1.0
0.3014715449442509,0.6587363871941161,0.3689495283095994,Repair,0.0
0.7671301423277468,0.6972894486580872,0.855713575370761,Repair,0.0
0.6410098898364938,0.25461839004489994,0.5783599127640775,Component Replacement,1.0
0.24585150383204724,0.2753116383902541,0.996960868094892,Routine Maintenance,0.0
0.28628211700657946,0.5286634749415919,0.7220250576607854,Routine Maintenance,1.0
0.8664810500914895,0.8160020632996421,0.2978392301712134,Routine Maintenance,1.0
0.7900550434291542,0.4816588545369205,0.5549942910238599,Routine Maintenance,0.0
0.3137275754642248,0.006284154597738567,0.24925379041545348,Component Replacement,1.0
0.688165829234813,0.026533698514772164,0.4317398892606845,Routine Maintenance,0.0
0.5999827064883734,0.6047432274003068,0.2901331118014898,Repair,1.0
0.07443811976889858,0.913319211374247,0.5788394913023986,Repair,0.0
0.47179459781486166,0.22092931427860352,0.8205243826871005,Component Replacement,0.0
0.026621823680136103,0.9653472368179339,0.19775411524818987,Repair,1.0
0.611528424355976,0.3722056316217517,0.9969009870372529,Component Replacement,1.0
0.6273807157456179,0.8261910476598433,0.3590402921309459,Component Replacement,0.0
0.7139865217686108,0.6580655662512183,0.1388729290214279,Component Replacement,0.0
0.30125363000666905,0.0842650850175708,0.5165309026764597,Routine Maintenance,1.0
0.4752902070300298,0.6376441696506858,0.9131817871073116,Routine Maintenance,1.0
0.8791261413335398,0.41978782748506527,0.12686233646641076,Routine Maintenance,1.0
0.23835882817338128,0.503250275464769,0.7333934213950011,Repair,0.0
0.35474273970080095,0.646558956093185,0.23847494465828056,Routine Maintenance,0.0
0.30950050240397253,0.5070700251903038,0.940801237598786,Component Replacement,0.0
0.983162811332865,0.8278494677209136,0.08953614918865371,Repair,0.0
0.5408643419350883,0.12015242133803805,0.4568434154572345,Component Replacement,0.0
0.5128269984600502,0.9845841643088222,0.05187217099505981,Component Replacement,0.0
0.9080039923664618,0.949543713254531,0.4998439368280305,Routine Maintenance,1.0
0.8352967075476245,0.8237102308118098,0.5970494467771892,Component Replacement,0.0
0.9950887708091445,0.3815257095239959,0.2582146484918426,Repair,0.0
0.017978987268523206,0.7407885974654083,0.30781030214643046,Component Replacement,1.0
0.2282005760271293,0.977504425657556,0.05633868184129165,Component Replacement,0.0
0.36427195543397595,0.11792815293787173,0.7799444775615987,Routine Maintenance,0.0
0.845943048557066,0.37506485231999065,0.3646581030467759,Repair,1.0
0.22898105288804338,0.6807760778839507,0.7380139161107042,Repair,0.0
0.6867395119579252,0.7974334223947175,0.5556045198170567,Repair,0.0
0.7919126008666133,0.054537305420155224,0.03863311948732928,Repair,0.0
0.550000418369045,0.7903950157850701,0.6450130901112452,Routine Maintenance,0.0
0.5594453045090582,0.7394628009786763,0.07929279867984196,Component Replacement,1.0
0.07805477381959403,0.48002803249439707,0.8294413577851847,Repair,0.0
0.12468160662405836,0.7425587896393409,0.36177251410705624,Repair,1.0
0.18659840921277127,0.19912665409347885,0.7130605512596886,Component Replacement,1.0
0.4129173396524344,0.9622483236777872,0.013896819991418674,Repair,1.0
0.06417150134954674,0.13990290930539517,0.8947012267574252,Component Replacement,1.0
0.7711861495824515,0.3423567983064453,0.38222211959347074,Repair,0.0
0.8836830989099926,0.285410480039215,0.3107507521503181,Component Replacement,0.0
0.1120963917762774,0.27670024054463727,0.34267062609656707,Routine Maintenance,1.0
0.9438660928190048,0.9759180443839592,0.2779845953556448,Component Replacement,1.0
0.6612426368621538,0.5414701373816331,0.9598173365271596,Routine Maintenance,0.0
0.18256407404590203,0.9823493517644448,0.0009623603058273034,Repair,1.0
0.151462774673492,0.4938325000081052,0.1355695684114715,Routine Maintenance,1.0
0.7845141675601237,0.6049967696358007,0.3777087379439261,Component Replacement,0.0
0.5430146794926225,0.5770825923413667,0.4949557316373747,Component Replacement,1.0
0.1902562139896169,1.0000000000000002,0.10023501902885679,Routine Maintenance,0.0
0.7993210256042307,0.077348143577322,0.06606072912356797,Routine Maintenance,1.0
0.8490220916257298,0.10051914270035156,0.8267964417692188,Routine Maintenance,0.0
0.0778721781630054,0.3286098717437509,0.048811339231730866,Component Replacement,1.0
0.9369938585432971,0.43533211996661936,0.4292962168389738,Routine Maintenance,1.0
0.47293992559376896,0.13270732351135694,0.35381437512881275,Routine Maintenance,1.0
0.22642173748302685,0.3965144309349151,0.01005477241326691,Component Replacement,1.0
0.13411733122672498,0.20847509639544426,0.7644415999518963,Repair,0.0
0.5316511673229884,0.2380279419161222,0.995945401826583,Routine Maintenance,1.0
0.08094713940487885,0.8577582968522726,0.09462240440819158,Component Replacement,0.0
0.6076336248205614,0.5309320100663528,0.6827264163439901,Routine Maintenance,1.0
0.0830283892526209,0.6707354580749436,0.3589648196980946,Repair,1.0
0.6592702916919491,0.6980005862705525,0.6994026126794957,Routine Maintenance,1.0
0.2429763640915068,0.23275651403509556,0.9261858862612744,Routine Maintenance,0.0
0.7011638138595933,0.7209545739853185,0.5045622116040871,Component Replacement,1.0
0.704027067334069,0.2419033425984516,0.32369481479419226,Routine Maintenance,1.0
0.6109489788381195,0.3648056502875381,0.5864700872075281,Repair,1.0
0.7342337542749968,0.15799320547160645,0.9890132639392863,Routine Maintenance,1.0
0.030688215122570917,0.22265662805969755,0.3574732626854433,Repair,1.0
0.43600087036343727,0.6581945387119754,0.37991581912703776,Repair,0.0
0.5865988916951874,0.6915107775573845,0.7385333174572013,Repair,0.0
0.7413545329842988,0.6542006165625629,0.7760281327172946,Component Replacement,0.0
0.36440917410777107,0.9060885024831291,0.4989731163995481,Routine Maintenance,0.0
0.9960841332181989,0.1384523860236202,0.40438394485237117,Routine Maintenance,1.0
0.6935850014184783,0.2405408563844047,0.21320049973439748,Repair,1.0
0.7027826139537776,0.02164748929370286,0.6041284451851872,Routine Maintenance,0.0
0.9769374983189145,0.3348059469596918,0.8559583344638084,Routine Maintenance,1.0
0.7564800403670509,0.5397267279441356,0.1173972218599908,Repair,0.0
0.7112493261109902,0.1600333728387986,0.5282755872803766,Routine Maintenance,1.0
0.7965988197612495,0.13013255701662696,0.8258468233352709,Routine Maintenance,0.0
0.9928229163723854,0.15934327410085936,0.7333769239385046,Repair,1.0
0.8958492776733333,0.3407568983890412,0.25460094874534134,Routine Maintenance,1.0
0.4058880558412339,0.3472254419728298,0.9346865793250556,Routine Maintenance,0.0
0.6581106843739777,0.0529319511072861,0.5922202503777214,Routine Maintenance,1.0
0.0029540466247981456,0.50018892334598,0.563127928261498,Routine Maintenance,0.0
0.13166820160132264,0.5769080810414491,0.8168357119417156,Repair,0.0
0.1598025130087315,0.3254649530874303,0.4768681999357778,Routine Maintenance,1.0
0.3831969966339699,0.481651884025305,0.9442751387659238,Repair,1.0
0.06914485652621938,0.5761974792591502,0.8152270038648544,Routine Maintenance,0.0
0.7704285247422256,0.8788761373548071,1.0,Routine Maintenance,1.0
0.4182981468080591,0.7018129907631632,0.37249716108820596,Repair,0.0
0.6649749722370002,0.8108692859275266,0.45714194782333184,Routine Maintenance,1.0
0.17036057916773117,0.4815258701281402,0.5499527868600711,Component Replacement,0.0
0.14405389225591225,0.4833475790852879,0.7069163024711149,Repair,0.0
0.10487476805422791,0.605940060272979,0.05237613641929739,Repair,1.0
0.09771975913131037,0.2596580461317963,0.9559149911163605,Routine Maintenance,0.0
0.7192921676137729,0.8378871902501821,0.8303302859024382,Component Replacement,1.0
0.06001866574603909,0.4210396942679331,0.5802862396946225,Component Replacement,0.0
0.4350897780919727,0.4345305444629275,0.8545450001911163,Routine Maintenance,1.0
0.47682946646510693,0.4065497514395373,0.781428331366461,Routine Maintenance,0.0
0.1316551535155046,0.9322782101104796,0.8317838054133584,Component Replacement,0.0
0.3627905955630544,0.08307945237623571,0.32337413543430804,Repair,0.0
0.35906868562569993,0.21941747848846394,0.6125940180628153,Routine Maintenance,0.0
0.6475008644406195,0.6216758776026399,0.4885927485865005,Routine Maintenance,0.0
0.9416130763423194,0.2616376165280294,0.9904229072007631,Routine Maintenance,1.0
0.5802848142226074,0.3309922961354621,0.7100371383251258,Routine Maintenance,1.0
0.7150743842813503,0.8174763364588198,0.9072923015086793,Routine Maintenance,1.0
0.41235594289112143,0.31299303828318936,0.22499137536207048,Routine Maintenance,0.0
0.8809733356018565,0.33922503488970324,0.11152645063404609,Routine Maintenance,0.0
0.4389868072601093,0.5293572789987973,0.4056248163377596,Component Replacement,0.0
0.198384034063797,0.4734343353269874,0.12887079390431477,Routine Maintenance,0.0
0.3679013605039234,0.5261526887053225,0.33957292346259704,Component Replacement,0.0
0.5530316744403017,0.7492997524203111,0.40781704635834837,Routine Maintenance,1.0
0.9742437754003284,0.6548738489440329,0.22046686186699693,Component Replacement,1.0
0.9340680050955008,0.20393766713460004,0.7498812176110672,Component Replacement,1.0
0.49617120513697976,0.325762557106144,0.10513613081435036,Routine Maintenance,1.0
0.2776987239263562,0.3458650836710371,0.31027526303147024,Repair,0.0
0.0959420840980405,0.33875482856224504,0.5630306911385308,Routine Maintenance,0.0
0.32544034551041623,0.17519991660609513,0.8752016328571601,Component Replacement,1.0
0.2523283491446291,0.6522500168420791,0.6876819662753961,Routine Maintenance,0.0
0.19990439961650175,0.8421754208191001,0.5433912993353696,Repair,0.0
0.42861401893491546,0.046385898643441115,0.11627210119350417,Component Replacement,1.0
0.6559981718688883,0.01681299857215457,0.964928112373892,Repair,1.0
0.15420213333450317,0.07222590113659111,0.997270865984277,Repair,0.0
0.5436370476186632,0.7669294754192855,0.4612362007002253,Routine Maintenance,1.0
0.8754627920608185,0.1849012844287221,0.8133249853637268,Routine Maintenance,0.0
0.07443255105877444,0.9213711433230485,0.7893036264388913,Repair,0.0
0.23114537927340528,0.32474961851296213,0.5503360621861373,Repair,0.0
0.7470581486641903,0.6821244079272362,0.9504519587892304,Repair,1.0
0.9182983950457357,0.18510224059030267,0.395501202437468,Repair,1.0
0.5698683587584883,0.2918754303132851,0.35864147577317285,Routine Maintenance,1.0
0.686683057899951,0.3830910947483279,0.4299577415887881,Routine Maintenance,1.0
0.18180799880647225,0.2520723738829884,0.8781338937207201,Component Replacement,0.0
0.5432598903869152,0.9909468000764361,0.33950315050821134,Repair,0.0
0.9992987903867068,0.9162919835304772,0.7174821151393482,Routine Maintenance,1.0
0.9734748750906865,0.23389292902683767,0.8026050814792924,Routine Maintenance,1.0
0.38684285388966,0.11839706252335858,0.5888444704685316,Routine Maintenance,0.0
0.9885635379360771,0.0263676911438957,0.6719585544237834,Component Replacement,0.0
0.36740714916643213,0.6048656133525978,0.585596273348393,Repair,0.0
0.8861707327139108,0.7514469407674178,0.24349091491969377,Repair,1.0
0.7745657226960629,0.0859343798273906,0.6607493749536464,Repair,1.0
0.06752656649587152,0.7327292010053055,0.5989401692696394,Component Replacement,0.0
0.005820960212701287,0.5968694005481865,0.29044602396527397,Repair,0.0
0.8129680667334656,0.0709616279953349,0.09021993909629167,Component Replacement,1.0
0.09651151329460372,0.005267305606226014,0.6612236628912616,Component Replacement,0.0
0.4278543791055087,0.9991738060224182,0.9137785713976454,Routine Maintenance,0.0
0.18242425802676543,0.9795756029872769,0.0024493268336871488,Routine Maintenance,1.0
0.3506326740179073,0.7484725300395534,0.4842959810162526,Routine Maintenance,1.0
0.5749960776464418,0.956698857825198,0.4055962910901627,Repair,1.0
0.6317317961231526,0.4749893134906913,0.17154778657292624,Component Replacement,1.0
0.8698257258294335,0.6023538407059985,0.17092095902697713,Repair,0.0
0.8051843580879021,0.6991297842304136,0.5685586116220569,Routine Maintenance,0.0
0.04997160498488018,0.7855820348996885,0.1296152837888247,Repair,0.0
0.19288770680343603,0.8376089150927617,0.39581629267227436,Routine Maintenance,1.0
0.8865080486640382,0.6939778080382792,0.6418140273237061,Repair,0.0
0.8725916708772292,0.1837201579308525,0.013393086096220586,Repair,0.0
0.1390312518605894,0.9346921114270645,0.41262543777565686,Routine Maintenance,0.0
0.4656493197671763,0.08395307694503429,0.4403977492985791,Component Replacement,1.0
0.20503014615972148,0.2830072406190818,0.29993735368219454,Repair,1.0
0.940306714378286,0.6742059920457486,0.33764537891868907,Component Replacement,0.0
0.33068076585635353,0.888005171176306,0.6378045484816166,Repair,1.0
0.4909187369246455,0.5392871469146299,0.24714554329189387,Repair,0.0
0.07243229469813439,0.3518498123913987,0.702708384433143,Component Replacement,0.0
0.35003989544224545,0.9855107771644316,0.1169275309880704,Routine Maintenance,0.0
0.5612043279150356,0.04946633087405439,0.656301837123515,Component Replacement,0.0
0.3845743721795696,0.6695767540812243,0.5744379120335052,Repair,1.0
0.0818454891866569,0.12625922824230607,0.824101555201207,Repair,0.0
0.2508310761574286,0.7978821850373052,0.6641895236731097,Component Replacement,1.0
0.7791419540622746,0.5130308411333977,0.03573170998380526,Repair,0.0
0.9080508577947182,0.6671198979178781,0.05870519873276692,Component Replacement,0.0
0.3125194903193824,0.9200660867442076,0.8812485573167126,Routine Maintenance,0.0
0.5587815863672763,0.20565189231034497,0.08314264051607445,Repair,1.0
0.42188737123528774,0.4352845333159281,0.8744577839844792,Repair,0.0
0.15590912100277432,0.5884749458555991,0.3693513014232974,Repair,0.0
0.03843548469782476,0.24197696183928485,0.8054384228896936,Routine Maintenance,1.0
0.024047229482176746,0.40574964688659176,0.3701336240265638,Repair,0.0
0.9153699299266975,0.7897963259267282,0.7155583828273184,Repair,1.0
0.9623946598630599,0.11146281687778758,0.47225969697131065,Component Replacement,0.0
0.8886737721965776,0.6072507273200625,0.6552124098910954,Component Replacement,1.0
0.2296207666226966,0.7342692161312325,0.991133391408701,Component Replacement,0.0
0.72306992701838,0.5646552913885614,0.9436687297463129,Component Replacement,0.0
0.28904529977152915,0.9988999071970108,0.6634928654890597,Repair,0.0
0.1525771567823231,0.6066246996562645,0.08879434479061299,Routine Maintenance,0.0
0.5804974911822987,0.15342777576807443,0.24474457980485598,Routine Maintenance,0.0
0.4049977472553019,0.34408013450930386,0.0737155773353173,Component Replacement,1.0
0.874764081915762,0.5092269334022401,0.22127081378604085,Routine Maintenance,1.0
0.4417547739253491,0.5018888268660231,0.3187344267579504,Routine Maintenance,1.0
0.03159266643954339,0.4937961563493509,0.36051424133466936,Routine Maintenance,1.0
0.28279492135343975,0.7980232018087614,0.9190437816293793,Component Replacement,0.0
0.5721501531757509,0.476448078661627,0.6785672149761952,Routine Maintenance,1.0
0.29397849329668624,0.12287524427286622,0.7997510385819209,Component Replacement,0.0
0.5318355222749087,0.6256811377787219,0.5083046382261727,Repair,0.0
0.5264266779086864,0.6963774559612932,0.9999319133175999,Component Replacement,0.0
0.17941350123853006,0.49689005678484244,0.05099095885664484,Routine Maintenance,0.0
0.918759063676708,0.40019410295923397,0.3080002959498245,Routine Maintenance,1.0
0.5727150442729005,0.7293382942656972,0.6808728064667546,Component Replacement,0.0
0.2862452523832806,0.32245471661747493,0.6299926216022076,Component Replacement,0.0
0.6260976927844659,0.06272649262970198,0.5240447693209913,Routine Maintenance,0.0
0.028681124211042075,0.016531991013992275,0.6179014441521149,Routine Maintenance,0.0
0.9064082912132365,0.7544298889565724,0.5100681647903698,Component Replacement,1.0
0.901748893279521,0.5037019923082589,0.04428741915035905,Routine Maintenance,0.0
0.3353239057163817,0.8126327781193052,0.10627436885924935,Routine Maintenance,0.0
0.38162309824400786,0.13964124921002807,0.5609933638478464,Repair,1.0
0.8708889596388296,0.10150891821670638,0.6223801716441724,Repair,1.0
0.762818195090051,0.15728779877143317,0.43213639857488806,Routine Maintenance,1.0
0.8849193075004251,0.7830745133123955,0.6176139576646338,Repair,0.0
0.6305565804570508,0.724319720575785,0.21807470020854458,Routine Maintenance,0.0
0.7828809226457336,0.16415364907045205,0.838682921607123,Component Replacement,1.0
0.6935709148494471,0.1648271214440562,0.3794622114746553,Component Replacement,0.0
0.9389633171593381,0.2663084131135569,0.007020332213288238,Routine Maintenance,0.0
0.85240767803458,0.10775962153878216,0.647001715593921,Repair,0.0
0.5472337264260414,0.41032272294059635,0.356476020375168,Component Replacement,1.0
0.5943089449554178,0.5903637429934818,0.6625779008133357,Routine Maintenance,1.0
0.100696763691829,0.9387725354619723,0.3097629341419008,Component Replacement,1.0
0.10224148248427145,0.5430620914413595,0.7914672476621263,Component Replacement,1.0
0.4946924382212714,0.25367945298835526,0.3351781686946267,Component Replacement,0.0
0.7144782986732565,0.6269648247759942,0.0882155477320632,Component Replacement,1.0
0.20552309599732244,0.1456026875811376,0.3302224715820943,Repair,1.0
0.16814585874849008,0.6297576195070269,0.46211267265546185,Repair,0.0
0.16804530499435621,0.9726516468321573,0.3782519169969665,Routine Maintenance,1.0
0.2716454603103582,0.48678861497146064,0.673987907238955,Component Replacement,1.0
0.0052285680365598,0.9491546758117166,0.06288569084543916,Component Replacement,1.0
0.349774186799805,0.565721759743891,0.4283545327185503,Repair,1.0
0.688162490946806,0.7417737179846309,0.21517663446084212,Repair,1.0
0.5832575354760694,0.5072760461422106,0.9619878208794272,Repair,1.0
0.8547958133971001,0.6607212954047061,0.12113917025485854,Repair,0.0
0.7244716738389094,0.7167103430407693,0.28804575022759016,Routine Maintenance,1.0
0.045567316631936805,0.5159362569478232,0.9627887678325382,Component Replacement,1.0
0.6887321330321896,0.07417508434714404,0.9682761890286313,Routine Maintenance,1.0
0.7211966650864516,0.4487979416478147,0.4943832188822559,Component Replacement,0.0
0.06104868713409406,0.9708908640434304,0.19825290061028378,Routine Maintenance,1.0
0.7041293871319274,0.28009512364886313,0.4358534322811667,Component Replacement,0.0
0.12192477827758008,0.49932113635760933,0.9268817356946926,Routine Maintenance,1.0
0.09553459133715325,0.6321248564432387,0.4249241879518393,Component Replacement,1.0
0.8853391284600534,0.1641229354586753,0.45052794837580157,Routine Maintenance,1.0
0.7010091157158431,0.6398626696224348,0.692674035045918,Component Replacement,0.0
0.7053854965782405,0.013459985829251675,0.2182103396838735,Component Replacement,1.0
0.6082899880032029,0.20736213217899446,0.016527898187177925,Routine Maintenance,1.0
0.43298112964392654,0.11412915990760375,0.36847041143460446,Routine Maintenance,1.0
0.7326903096052586,0.9354701097090463,0.7756851172322854,Component Replacement,1.0
0.00877164435401312,0.035880853924191713,0.7964604782442537,Component Replacement,0.0
0.8046544591345457,0.3191894564838489,0.7971073261807895,Routine Maintenance,0.0
0.8123579386217195,0.1477559905532133,0.8681522129094801,Repair,0.0
0.49597380709934313,0.6082871191589276,0.5409015199776102,Routine Maintenance,0.0
0.7032355792602836,0.22548907152618103,0.4769567695118395,Component Replacement,0.0
0.3622126289457963,0.7459227042384673,0.12484368315906291,Repair,1.0
0.6143759597152005,0.9718592990624921,0.9614373392941924,Repair,1.0
0.7450567952950458,0.45508833676385607,0.5724165163510637,Component Replacement,0.0
0.3120337131252633,0.3805923420261035,0.44146214064709444,Component Replacement,1.0
0.5469020797227468,0.6492326508178741,0.17766797433285086,Repair,0.0
0.19794310793340308,0.8494117118386664,0.915362490372027,Repair,0.0
0.33300904685222843,0.8064466353056328,0.5469697747301456,Component Replacement,1.0
0.5492850769225237,0.4222574385030622,0.5513344694362652,Routine Maintenance,0.0
0.5682806893326218,0.6281292530669216,0.3438168943925537,Repair,1.0
0.23056242881336075,0.33232818286495136,0.4989565455308913,Component Replacement,1.0
0.04498398755393129,0.8717331371959527,0.9673438077436258,Component Replacement,0.0
0.2504492486743892,0.3050791513691806,0.6286864125090728,Routine Maintenance,1.0
0.3426136096468282,0.4995815122565881,0.049957778073819625,Component Replacement,0.0
0.2416466722412025,0.5808532932000423,0.5978929340545047,Component Replacement,0.0
0.5686794761790459,0.9336679400561683,0.7564381784803258,Repair,0.0
0.8036889232827997,0.4172548143923209,0.9403987480006135,Routine Maintenance,1.0
0.2552225254261389,0.27171559783917254,0.7004996631561253,Repair,1.0
0.6044242034348928,0.9787862419210556,0.7850642953901321,Repair,1.0
0.5954323438919387,0.10965040503515167,0.1399459102355496,Repair,0.0
0.6928146980497845,0.4614045263784483,0.2923510633252415,Routine Maintenance,1.0
0.2237355150051039,0.8251330217771939,0.35856597921949174,Repair,1.0
0.3003864141917596,0.12912949260137307,0.008668206111587473,Component Replacement,1.0
0.6269634972644287,0.08642464884315859,0.748767300432629,Routine Maintenance,1.0
0.011990317438899112,0.08229070633250601,0.32648655570501584,Repair,1.0
0.3235241853641311,0.8705638695384279,0.5405743993820016,Routine Maintenance,1.0
0.27574853826394286,0.08470587771163052,0.5905196549235208,Repair,1.0
0.5717809094412418,0.30464541987990645,0.6234667879621263,Routine Maintenance,1.0
0.24126063992941038,0.09799414340490964,0.8974155913312218,Routine Maintenance,1.0
0.6069845688230391,0.13508575465217776,0.2966316651049965,Routine Maintenance,1.0
0.22976951232657417,0.031689936880281655,0.569062916551323,Routine Maintenance,0.0
0.0,0.3833142527966664,0.7706976432144068,Repair,1.0
0.29591783161234186,0.01543862320621292,0.24060141864914852,Component Replacement,1.0
0.7233517685650543,0.26964498863577635,0.3849756462673817,Routine Maintenance,0.0
0.7627688552197354,0.5963448192416958,0.18632764462323115,Repair,0.0
0.08568347563400724,0.6873887345687502,0.4274308304115011,Repair,1.0
0.23800429942760282,0.0945696226487931,0.046838370230481985,Component Replacement,0.0
0.6728399660332736,0.8511786122635796,0.4388562659328388,Component Replacement,0.0
0.5079403134103675,0.347113022244929,0.48574802962240016,Repair,0.0
0.6691465402621981,0.7019370106624656,0.8846570414599917,Component Replacement,1.0
0.3474709881080953,0.7959351653902491,0.37200265883983663,Component Replacement,1.0
0.8644545007126565,0.6243184446490793,0.8442469700811954,Component Replacement,1.0
0.06262717846054056,0.0962355549335332,0.07519502740727457,Repair,0.0
0.7486604582546841,0.8066353040010228,0.9882390778925525,Routine Maintenance,0.0
0.5715283939355542,0.6583599793976447,0.5299286217590677,Routine Maintenance,1.0
0.7532442687758882,0.4032679192333748,0.0659212073135862,Routine Maintenance,0.0
0.9992379598838985,0.19615458437848443,0.37963005141545425,Routine Maintenance,0.0
0.5958157618230056,0.4345097262641531,0.48716264328719827,Repair,1.0
0.8147782207974714,0.4914545941759658,0.8717629048891418,Routine Maintenance,1.0
0.1993057674249572,0.987913519961962,0.9557715181021016,Routine Maintenance,1.0
0.09549481995461573,0.564809254036948,0.030351732332351222,Component Replacement,1.0
0.8406815915133867,0.4706247214985655,0.6074301595635845,Repair,1.0
0.523059838051128,0.6150435631109108,0.7411188812617606,Repair,1.0
0.6812275562504473,0.35093163015056295,0.9577376137544111,Repair,0.0
0.1687508477655939,0.5129222862925118,0.5982719332722906,Routine Maintenance,0.0
0.796470415738928,0.9277919977464126,0.4326115095531877,Component Replacement,1.0
0.0747905682133867,0.6286792094912703,0.2356434689894602,Routine Maintenance,0.0
0.8260005868195908,0.7413380761252706,0.16543665930346352,Routine Maintenance,0.0
0.791832227718797,0.4504079022801275,0.5489258637799699,Component Replacement,0.0
0.2492066700376494,0.6011091709143874,0.16096059265619367,Repair,0.0
0.52788558488965,0.057815121206522324,0.7049355397572756,Repair,1.0
0.5515875246396877,0.23264005644069674,0.6948013457045761,Repair,0.0
0.7975480124088055,0.10082887114903305,0.8956899557709126,Repair,1.0
0.6906100853928852,0.6915239440372192,0.13287673418379464,Component Replacement,0.0
0.2087559920496158,0.9383155321094436,0.884423554554159,Repair,0.0
0.4079684496542919,0.2645092771004902,0.5904545111440762,Component Replacement,1.0
0.7150256840416827,0.9353384713842345,0.5986545683509288,Component Replacement,1.0
0.2936390734562577,0.2803310539447126,0.5515404800571271,Routine Maintenance,0.0
0.8590372083792168,0.004334980941601785,0.01909480035074651,Routine Maintenance,0.0
0.7742828273893769,0.6256291676097081,0.6923219751253336,Repair,0.0
0.28148084274222995,0.6007628809673944,0.9823348397183294,Routine Maintenance,1.0
0.5111557704479459,0.9723539546268083,0.08545943036934789,Routine Maintenance,0.0
0.7262514213822993,0.5702418918730665,0.033744863003560166,Component Replacement,1.0
0.09404641779036371,0.7804019225709484,0.414795059591635,Repair,0.0
0.9110408889540507,0.910886540270732,0.16072908075296466,Component Replacement,1.0
0.36497571222095626,0.2596341792107364,0.8152354045851169,Component Replacement,1.0
0.9022818619043607,0.1377917470109844,0.7641514742172713,Component Replacement,1.0
0.7838119759351256,0.45819609017249685,0.410390818558632,Repair,1.0
0.4841935932597581,0.9495389933187481,0.13153795560527426,Routine Maintenance,1.0
0.5759531683183736,0.10124680311164203,0.12546107435273157,Component Replacement,1.0
0.6085446640534906,0.1567919632736443,0.329294757840052,Repair,0.0
0.6491183190567895,0.9143983553388482,0.31129374819718425,Repair,1.0
0.9965541954242312,0.22712909676557103,0.987484278671344,Repair,1.0
0.03185929230448714,0.8871975642220327,0.18677244655597613,Component Replacement,1.0
0.34246918413546723,0.1687979350136224,0.6875021623084829,Component Replacement,0.0
0.3784104695206194,0.5069231877552745,0.5566551432548614,Routine Maintenance,0.0
0.4236980697676973,0.794914043405627,0.5801205093442476,Repair,1.0
0.32248805735962627,0.10385849214249232,0.8977476482112485,Routine Maintenance,1.0
0.06865031576851788,0.89110809907892,0.06639142841617351,Repair,1.0
0.13217731993981374,0.20719218411492557,0.10808459076699917,Routine Maintenance,0.0
0.8536563049026169,0.8327413409142426,0.46489673801916265,Routine Maintenance,0.0
0.5278555023494924,0.4298377919662195,0.6682909371654864,Routine Maintenance,1.0
0.7145511481328537,0.8771919916034623,0.8652868265822655,Repair,1.0
0.5654548298246178,0.08833919924904676,0.9563037701255581,Routine Maintenance,1.0
0.1663030233373659,0.9467961056703336,0.06218770429230913,Component Replacement,1.0
0.500302236126446,0.976891370147281,0.8699927912965433,Routine Maintenance,0.0
0.08696126142540361,0.9595129598898151,0.17751370444345493,Routine Maintenance,1.0
0.09682455801220247,0.30411929758436695,0.6092996427851212,Routine Maintenance,0.0
0.20585494142998506,0.025400239047424833,0.32275171447502204,Component Replacement,0.0
0.7016735442343345,0.05617605651422575,0.5492714367880112,Component Replacement,1.0
0.8948545385002991,0.7675353699224872,0.48014854317325995,Component Replacement,1.0
0.6469069058733705,0.1405732775347477,0.07135065656919748,Routine Maintenance,1.0
0.32028212804624,0.8275394411083548,0.5867526755675545,Repair,0.0
0.496677669809535,0.2153204026578439,0.3716748011570594,Repair,1.0
0.23506238972045157,0.7949607738013313,0.22215714700385458,Repair,1.0
0.5917901460499575,0.060741805757446476,0.3495629947345744,Repair,1.0
0.5145675578989231,0.9538557914989125,0.8020614172794183,Routine Maintenance,1.0
0.3472428780181991,0.9698480489570416,0.3417962472524567,Routine Maintenance,0.0
0.5095947016923539,0.5393055149044095,0.5564118636716975,Component Replacement,0.0
0.15821005924201792,0.8183092411355775,0.583750106962607,Component Replacement,0.0
0.5244938551708733,0.4161371253276558,0.6529074182390495,Component Replacement,1.0
0.4377102721900865,0.8733199710588375,0.6744464243817689,Repair,0.0
0.8933113566341513,0.12412079414017341,0.6679722013349827,Component Replacement,0.0
0.6079970150780474,0.9408771444606763,0.01865059242371192,Repair,0.0
0.8210932542788498,0.8306065597659731,0.08752358582384412,Routine Maintenance,1.0
0.6867337615374449,0.8445761533502238,0.06962031400542834,Routine Maintenance,0.0
0.7157877956805088,0.8685416872119638,0.30557775814996724,Component Replacement,1.0
0.9134236520070509,0.9757173642992989,0.12278367564173376,Routine Maintenance,1.0
0.9596340433297481,0.24885013643403098,0.39581575442328987,Routine Maintenance,1.0
0.7793011186282843,0.9876256638703536,0.9894592470686163,Component Replacement,1.0
0.3129323637848431,0.061402136035330734,0.6181288085183789,Repair,0.0
0.9448085594464821,0.5069531842688337,0.882935132150672,Component Replacement,0.0
0.11876881883526114,0.8953635169867533,0.7327967606800811,Component Replacement,0.0
0.8003159407625535,0.6183935222560899,0.2640357242390614,Routine Maintenance,0.0
0.22839021987409946,0.8993463988913231,0.6713725705414251,Routine Maintenance,1.0
0.19382459216958114,0.9957123734854911,0.15401193700121407,Routine Maintenance,0.0
0.3168306428286076,0.965700348181403,0.3997420766003468,Routine Maintenance,0.0
0.04269593463484345,0.48764677524552225,0.5787837561405911,Component Replacement,1.0
0.6685506833812989,0.01212915500863887,0.026471712879059695,Repair,0.0
0.5600045023414824,0.07410469655828544,0.5439117192935532,Repair,0.0
0.531565895670771,0.8984010922309957,0.5670977346488426,Routine Maintenance,0.0
0.8122747023398365,0.8007127601119342,0.42097651871867514,Routine Maintenance,0.0
0.7045793642097937,0.3817915803787737,0.026089980326556184,Routine Maintenance,0.0
0.9738412825848224,0.05776093873205501,0.37054595757406217,Routine Maintenance,0.0
0.5699285334728277,0.6654978935439564,0.28651760347472166,Component Replacement,1.0
0.1178749506595187,0.015903925197422453,0.7611792746961767,Component Replacement,0.0
0.38031369674227555,0.3727792448344449,0.4098140978156404,Routine Maintenance,0.0
0.9933665332327166,0.5209371540967571,0.9444554449279421,Component Replacement,0.0
0.9055997073363766,0.5128464197907319,0.15126260909119527,Component Replacement,1.0
0.7951647977524239,0.7430085132772508,0.7954404707804352,Component Replacement,0.0
0.48845525251021904,0.4580884615984311,0.9938845356065875,Repair,1.0
0.5770599423783693,0.43943888668819464,0.4153657244978346,Routine Maintenance,1.0
0.28884573205192954,0.6287629013224942,0.6735539108147823,Component Replacement,0.0
0.9096147244817265,0.15840569941514815,0.35485192783395414,Repair,1.0
0.6690264348470114,0.7069299520522481,0.21206724362719598,Repair,1.0
0.672227331678477,0.3995663686938802,0.14919705693086138,Component Replacement,0.0
0.6090000107217364,0.9298101645436221,0.7164008321554678,Repair,0.0
0.6211978478841171,0.6979846888061445,0.10348787846255059,Component Replacement,0.0
0.9244003175798161,0.4377224256044949,0.546671542431854,Component Replacement,0.0
0.49471926441187897,0.9144094908295206,0.6313635918937757,Component Replacement,1.0
0.7979100790552449,0.8375353209633107,0.9484189257718589,Routine Maintenance,1.0
0.7944896563912858,0.4700814841817904,0.8157006171737082,Component Replacement,1.0
0.40318235223187315,0.44934740429306785,0.11688762031978284,Component Replacement,1.0
0.37895432340493507,0.36270276849553507,0.6556041949406994,Component Replacement,1.0
0.5776498831017447,0.7101197051368024,0.7752447655334138,Repair,1.0
0.35926806271668266,0.660630423294249,0.5021884614974503,Routine Maintenance,1.0
0.36776049987979764,0.3665252924667963,0.9446160696875907,Routine Maintenance,0.0
0.5943418996427514,0.2949309716450095,0.6009366519563155,Repair,1.0
0.8560778134172047,0.6438842154361857,0.9671820806166798,Repair,0.0
0.34543620871786906,0.21511681198847366,0.42352811742674756,Routine Maintenance,0.0
0.8018753979081437,0.04331630862622804,0.22864745341822257,Repair,1.0
0.6980758585509763,0.6893278844491382,0.8179502093464297,Repair,0.0
0.31370420479196426,0.989269732623232,0.5607810252185716,Component Replacement,1.0
0.35462570731147913,0.6403755726245477,0.627892495348453,Routine Maintenance,0.0
0.5117242261035821,0.39333400339044333,0.29467999762528496,Component Replacement,0.0
0.850350812668565,0.5708340231547135,0.6755717657379274,Repair,0.0
0.1767246232713946,0.5330856104740673,0.9673808216586042,Component Replacement,1.0
0.522892889863849,0.6722482804115129,0.8054420865331622,Repair,1.0
0.903213203913177,0.2822265782218836,0.9750014156838627,Component Replacement,1.0
0.9312747244577517,0.5928564385909425,0.13063934573067026,Routine Maintenance,0.0
0.12327080724523576,0.009217795234044202,0.7538993418694231,Component Replacement,0.0
0.9041936082930295,0.8682409451888393,0.01816385376230567,Repair,0.0
0.5489449922524274,0.16461718936193503,0.983799422604088,Component Replacement,0.0
0.48844418702211634,0.5865952825595526,0.7248440436063448,Component Replacement,1.0
0.8784127150887668,0.436563159718971,0.7785535201064282,Component Replacement,0.0
0.6035674471914598,0.24286820354503602,0.604774058224117,Repair,1.0
0.7420308207638602,0.07273013055705357,0.8693579233499045,Repair,1.0
0.7288391502462419,0.42374239648879564,0.0003698200657544781,Repair,0.0
0.15909971867865913,0.0016403775958302447,0.37744946033704396,Routine Maintenance,1.0
0.9894776149518822,0.9742549543950085,0.22637770149374203,Repair,1.0
0.4500686750269276,0.35959392791977773,0.0328738597341971,Component Replacement,1.0
0.6260100093889998,0.9455748692819008,0.8932533488404877,Routine Maintenance,0.0
0.9172560126965967,0.33155389488265175,0.3242577187659883,Component Replacement,1.0
0.5382075488971605,0.7219065531641329,0.6389313146382278,Routine Maintenance,0.0
0.5164926795448128,0.7899018808266443,0.8422492084515656,Component Replacement,0.0
0.8503630419197368,0.20830524211965118,0.46960442677305503,Repair,1.0
0.717747840090154,0.9065131198433773,0.1443952898686387,Repair,1.0
0.7103144374383765,0.07534303933747144,0.920508050130076,Component Replacement,1.0
0.7165399281671574,0.577187016778554,0.8054118562332269,Routine Maintenance,0.0
0.3679912184668037,0.3516773944644307,0.030089297066417053,Component Replacement,0.0
0.7333028843573475,0.12628685902752412,0.7469421931798386,Routine Maintenance,1.0
0.8055058534346058,0.39577211019397107,0.22400007133699917,Repair,0.0
0.07245711083821593,0.3384914726175192,0.6965630845987172,Component Replacement,0.0
0.5854551571452502,0.6843142262999373,0.5388659380538345,Repair,1.0
0.6751221027746457,0.7986429160835364,0.6474914646309982,Component Replacement,1.0
0.54563482834849,0.11467709281048433,0.9324231690546574,Repair,1.0
0.9219540057830811,0.07233975932970149,0.3612345444346432,Routine Maintenance,0.0
0.626799100292013,0.8234880595813416,0.22803408612384057,Component Replacement,0.0
0.1472978138764125,0.731333463384984,0.2006711519698765,Component Replacement,1.0
0.10609400246088985,0.378285052406677,0.02320593059482956,Repair,1.0
0.40242009949166224,0.008209340685625843,0.3144164891368404,Routine Maintenance,1.0
0.7366803014688426,0.5322966602131727,0.513775022956986,Routine Maintenance,0.0
0.274833069094945,0.9954149289221323,0.7087129088621373,Component Replacement,1.0
0.4844577339201308,0.8528244459769276,0.02406344104547875,Routine Maintenance,1.0
0.08622435336320944,0.53370765139174,0.5713706691877687,Routine Maintenance,0.0
0.4168882643306242,0.19196681525219472,0.9931986737792564,Routine Maintenance,0.0
0.2819322305583425,0.8643250379168042,0.9441144528836549,Routine Maintenance,1.0
0.20465962982481667,0.6318418187125465,0.41921034610154306,Routine Maintenance,0.0
0.9283045080565371,0.15542346314993893,0.4724154787698902,Component Replacement,1.0
0.168192336311634,0.8302332243451696,0.4653159732135479,Repair,0.0
0.10358754654915536,0.9665419947471232,0.32243872930937245,Component Replacement,1.0
0.9989675322713909,0.918206752199161,0.9452165229610534,Routine Maintenance,0.0
0.40229279106217675,0.22682011857493722,0.21560894316713464,Component Replacement,1.0
0.2926596554241785,0.5597040864384475,0.8665511158981372,Component Replacement,0.0
0.6713336650057213,0.8404516277514749,0.27417574291506375,Routine Maintenance,0.0
0.35403453901052373,0.6565661934041476,0.6485434961766923,Repair,1.0
0.6236308610175207,0.7063364689464724,0.8963964989722069,Repair,1.0
0.42177446803243246,0.07455143446625745,0.13796296899042293,Repair,0.0
0.386483416900421,0.41221826919277404,0.28273040694603857,Routine Maintenance,0.0
0.4344471671347252,0.4185512802032416,0.37629672553905724,Routine Maintenance,0.0
0.6729039809204433,0.2418398196021505,0.5970166528373961,Component Replacement,1.0
0.5842310593531002,0.8641854411539633,0.3209790272058779,Component Replacement,1.0
0.35640088264772807,0.5195464141213983,0.8246056995600033,Repair,1.0
0.9605436531774858,0.6975776812905727,0.8043488936036236,Routine Maintenance,0.0
0.809155499794989,0.7273530601695655,0.9419054483953437,Routine Maintenance,1.0
0.586901787918702,0.42212559890951984,0.7254555310424489,Routine Maintenance,1.0
0.6736129393589234,0.608555617917323,0.31098297819819987,Routine Maintenance,0.0
0.89979109665253,0.4944731743770263,0.635074595926191,Routine Maintenance,0.0
0.7100449444042924,0.3917866674489481,0.5967515001111021,Component Replacement,1.0
0.03106897346896975,0.4167395641082914,0.6906854591960991,Component Replacement,0.0
0.7868214323960778,0.8523870207274364,0.8772208885419048,Routine Maintenance,0.0
0.7766662617005267,0.5032172727445992,0.11951894559245035,Routine Maintenance,1.0
0.9143327539076109,0.14513835581852397,0.5989206975545467,Routine Maintenance,1.0
0.5189975125225308,0.12693974950466047,0.7041721507351753,Repair,1.0
0.8849851667671205,0.16688864013896243,0.169622910440689,Repair,1.0
0.9499554722408794,0.19400430067377683,0.6949137448534173,Repair,1.0
0.6076092912001227,0.6025734690523239,0.22548746490843996,Component Replacement,1.0
0.026951070970555158,0.5894745027997372,0.819937872883211,Routine Maintenance,1.0
0.23749312593683225,0.5526084307282115,0.8832633870636748,Component Replacement,0.0
0.9677401191040031,0.6278597760981062,0.9109163517127183,Routine Maintenance,0.0
0.6846729438768806,0.6011996331818086,0.017480694386037943,Routine Maintenance,0.0
0.5920091900970164,0.22641042917543475,0.05203296181837569,Repair,1.0
0.18118957598081398,0.3724695554120889,0.9732316426491234,Routine Maintenance,0.0
0.7819715077428295,0.6471557040296256,0.47987994024094593,Repair,0.0
0.009463274181823245,0.24692001938004493,0.07515148600159316,Routine Maintenance,1.0
0.037979955942700094,0.7821515750728154,0.033674422196484866,Repair,0.0
0.4232981737671073,0.920787265582194,0.20128538723944045,Routine Maintenance,1.0
0.1090116086175481,0.7432046024981838,0.3147996709150256,Component Replacement,0.0
0.29451750986809255,0.6954457376281102,0.6261270195979645,Repair,1.0
0.5749152786245499,0.8541942270262819,0.1922688903062384,Component Replacement,1.0
0.3792496115980226,0.06075439127075355,0.5005979073173377,Component Replacement,1.0
0.2765187643976068,0.8257933913022604,0.9135979924532744,Routine Maintenance,0.0
0.28452024582931656,0.061029022795323185,0.7663268993248655,Routine Maintenance,0.0
0.8793976663717755,0.6817828378436679,0.7319353479966257,Repair,1.0
0.5742527177365861,0.06932430583500948,0.8318829317294463,Repair,0.0
0.7496767130252051,0.36773818847162154,0.7874744595268752,Component Replacement,1.0
0.9653069753004271,0.4790948154008541,0.756449580825969,Repair,0.0
0.7539896155512187,0.7272675718899164,0.007447287250077483,Repair,1.0
0.2206177433667218,0.9668168656599407,0.8031662729663953,Component Replacement,1.0
0.8857813852420913,0.341264923347099,0.2513280856185047,Repair,0.0
0.266005247313724,0.8198139297690128,0.3788040215097861,Routine Maintenance,0.0
0.5024723011295587,0.6643867076201528,0.41073062599108523,Repair,0.0
0.48922410191563515,0.4617599893494082,0.14482563436799678,Component Replacement,1.0
0.9678993747702558,0.3787957891609881,0.6699067372318557,Repair,1.0
0.7272279757259179,0.8656978671045874,0.03557211284048423,Component Replacement,1.0
0.7909692581377561,0.5541167148644035,0.1265433334878625,Repair,0.0
0.1652701676218653,0.3526593106707214,0.785120410255459,Repair,0.0
0.4974175285722602,0.41952483984687783,0.4510768104145777,Repair,1.0
0.2998391569411032,0.1556629030566994,0.5600939834764675,Routine Maintenance,1.0
0.42551831583671174,0.14327389801791202,0.5538570430362699,Repair,1.0
0.13010615411057103,0.42804642163991713,0.20022411110090044,Component Replacement,0.0
0.7032525663522824,0.5731333722945517,0.08214511552246906,Repair,1.0
0.6655366760903556,0.3823069566730237,0.6506206922474602,Routine Maintenance,0.0
0.8597077462220399,0.29758318970539155,0.569939277705497,Repair,1.0
0.36496939896867797,0.026715270207286812,0.9370903875869452,Component Replacement,1.0
0.5748393732716437,0.8846288562203986,0.9157695243478625,Component Replacement,0.0
0.19385271662314274,0.038752889465990537,0.3799006873073756,Component Replacement,1.0
0.8674660971292498,0.49061283498331365,0.7067860743301453,Routine Maintenance,0.0
0.9065784751357855,0.7147217249649322,0.842341054980476,Routine Maintenance,1.0
0.16572672882263628,0.9963657407460751,0.5564437235116637,Routine Maintenance,0.0
0.247166555710975,0.129320447107534,0.6566255452736747,Routine Maintenance,1.0
0.7111478655595711,0.672337780953375,0.021883280583325337,Repair,0.0
0.8200412382429869,0.6580826745533355,0.15969609901699933,Component Replacement,0.0
0.8438598524028205,0.08376211665403588,0.1692770512640438,Repair,0.0
0.4202128372112286,0.05461484962051322,0.5866261106526092,Repair,0.0
0.09409763673161287,0.656501628996655,0.020543916450529665,Repair,0.0
0.3268765673068348,0.6969882105087604,0.8273462884699212,Routine Maintenance,1.0
0.9447584785616421,0.561168210007009,0.6954507263410004,Repair,0.0
0.1525308778297969,0.3553954168058775,0.3388222569358823,Repair,1.0
0.2551939906925629,0.8687587239632113,0.2359724657234774,Component Replacement,0.0
0.19449010412165713,0.9551420018691112,0.3004841014115778,Repair,1.0
0.6542926717823958,0.8248873188423922,0.22353131812952842,Routine Maintenance,0.0
0.6815099287798754,0.884010598605756,0.3837781889707266,Routine Maintenance,0.0
0.624174738778807,0.44087098424304605,0.5201442464789676,Repair,0.0
0.2536778801393984,0.762393729521089,0.3881245563796094,Repair,1.0
0.049932380495508966,0.4302705346767308,0.028167955814395906,Component Replacement,1.0
0.6387453793589941,0.6957330246091444,0.4146875141064972,Routine Maintenance,1.0
0.5276096715294569,0.7365340513610026,0.5254348875719441,Repair,1.0
0.1967642220950836,0.6651674091108242,0.13289096500141628,Routine Maintenance,0.0
0.17201457249306706,0.5493323507842647,0.2623803245641865,Component Replacement,0.0
0.9243295825846864,0.9997915984639822,0.008617004409097628,Repair,0.0
0.754002754571653,0.14644924277665483,0.48433026715132677,Routine Maintenance,1.0
0.267507147161103,0.8694228951078031,0.6849569929686004,Routine Maintenance,0.0
0.36587811446133855,0.9483208456193619,0.6447132509922482,Repair,1.0
0.8999789409904748,0.09601376377120663,0.8131182338724487,Repair,1.0
0.49812915393841983,0.6222200116791525,0.5764158108801958,Repair,0.0
0.6364946153263382,0.6971659804419506,0.9357163339643382,Component Replacement,1.0
0.6131804238284166,0.2464491791014387,0.10848025661559557,Routine Maintenance,0.0
0.7752028136296767,0.7237373437616412,0.870938351848503,Routine Maintenance,1.0
0.24338274547814187,0.1713820955297216,0.7018964830899406,Repair,1.0
0.9098444511573689,0.6470361661868493,0.5560457099906877,Routine Maintenance,0.0
0.9655159030395026,0.3535465271725664,0.187544635280247,Component Replacement,1.0
0.7659479264240732,0.9112391955069521,0.770764515533028,Routine Maintenance,1.0
0.4908735628356524,0.48376942741668105,0.43049487843579604,Repair,0.0
0.3717566256886089,0.6318017157944373,0.8382557731244336,Repair,1.0
0.020534079381601344,0.5762168345443686,0.4903628206672459,Routine Maintenance,0.0
0.9265347242171602,0.016027551173563026,0.5294598016309537,Repair,0.0
0.04349922708877774,0.9640913858043787,0.13073715281737286,Repair,0.0
0.6077917262320156,0.17259133926653747,0.8480679005945313,Repair,1.0
0.3440475806826564,0.09326032323507438,0.33380303984273807,Routine Maintenance,0.0
0.5943941185981778,0.0409458309509636,0.42324477619778555,Repair,1.0
0.65021509426224,0.8571242839677724,0.9809442119350198,Routine Maintenance,0.0
0.011614263244097423,0.6755753018186499,0.32044839931100366,Component Replacement,0.0
0.9743651845781054,0.6933213736833632,0.8157817083524299,Component Replacement,0.0
0.4735237392826672,0.5690439629331285,0.9814383110749128,Component Replacement,1.0
0.5986815386527979,0.4401418088118405,0.5839774310683605,Component Replacement,0.0
0.16049189090740867,0.41504222184810136,0.4734245847647851,Repair,0.0
0.33349070278594173,0.23481555218035632,0.6229012432649115,Component Replacement,0.0
0.2044270541397788,0.22509594439662717,0.25427453512483345,Component Replacement,0.0
0.639712227502617,0.13402665255488833,0.19696775983632175,Component Replacement,0.0
0.28541404719636976,0.06576998629261221,0.8377733691506895,Component Replacement,0.0
0.7648551679352629,0.5515426576875502,0.8892806451674455,Routine Maintenance,0.0
0.6878356942139936,0.18697197371698437,0.05381490788433485,Routine Maintenance,1.0
0.004032086878081209,0.4730300797304152,0.4332917066138693,Component Replacement,0.0
0.715101502245961,0.38342951085079946,0.656522110844854,Component Replacement,1.0
0.09916391335030461,0.6406448434140546,0.4838641221561679,Repair,1.0
0.27088862595045704,0.7239118474310873,0.018942004424148617,Component Replacement,0.0
0.474197198892953,0.22596174759708632,0.3127177944184423,Component Replacement,0.0
0.919332439816495,0.7682266609771191,0.1035751751967724,Component Replacement,0.0
0.5875042479295729,0.22833921125272716,0.6672629656533133,Repair,1.0
0.697178590992972,0.16460579918228002,0.18446199431962373,Component Replacement,1.0
0.6155060714210343,0.303989214177105,0.7061216045260146,Repair,1.0
0.2073410550578627,0.9300770811189631,0.9416565962262262,Repair,0.0
0.893733799785088,0.4551171238712044,0.10815359772619315,Repair,0.0
0.05817719680056488,0.10958193924128135,0.07714836098701872,Routine Maintenance,0.0
0.2061497231716043,0.976884805281909,0.5448726567288613,Repair,0.0
0.3899397215308298,0.6090926732830604,0.4451522274131823,Repair,1.0
0.023569389184117995,0.7111523020278407,0.10246529769253332,Component Replacement,0.0
0.022465806489963214,0.5304644141375603,0.029794445939717917,Component Replacement,0.0
0.564464907608011,0.41181982336561207,0.7867754534773876,Routine Maintenance,1.0
0.7403248646001845,0.1998514291401443,0.7934439193254872,Repair,1.0
0.505227379229999,0.9481912937237147,0.42346372515743047,Component Replacement,1.0
0.534228887804419,0.08119922594035645,0.5899695192937777,Repair,1.0
0.10092331000624455,0.7348727700531317,0.8627036688844587,Component Replacement,1.0
0.6149620200627135,0.583541721270646,0.015661081314908287,Repair,0.0
0.008464151687038068,0.13419177651361935,0.23791789157931698,Component Replacement,0.0
0.8649900434336981,0.5417946325464176,0.769740497220746,Routine Maintenance,0.0
0.49946524761340605,0.6117925653057761,0.17966142636810867,Routine Maintenance,0.0
0.17432819134248057,0.12484468639736446,0.07122990053321843,Repair,0.0
0.8880304543605408,0.8440349688493358,0.1365588796393542,Routine Maintenance,0.0
0.5205030148618182,0.7193722990051541,0.6820727162813593,Repair,1.0
0.9743169690965701,0.5282102957224624,0.5874087655805593,Routine Maintenance,1.0
0.5270920156803722,0.9254137531792275,0.7602254176534728,Repair,1.0
0.8249415932233095,0.26820927387426075,0.5128219830379841,Repair,0.0
0.7901647620652286,0.10432462598139436,0.05273461977665761,Repair,1.0
0.7315635056260463,0.9076828439953906,0.23718197711848754,Repair,0.0
0.21267707664686508,0.8196583278272656,0.555332462702629,Repair,0.0
0.7972651268018929,0.657351662170766,0.9327488201765681,Repair,1.0
0.2371497583703821,0.06514542640134913,0.42107200042403026,Repair,0.0
0.2654067775603819,0.206571633521196,0.6284686828274886,Repair,0.0
0.8686795670092966,0.41852851454763607,0.462390787153518,Repair,1.0
0.34580053147468615,0.31962315831863175,0.6755442935075044,Repair,0.0
0.8883503269673518,0.3133986980553807,0.7060985069941075,Routine Maintenance,1.0
0.7411426563755894,0.09099379502821803,0.1977208588774566,Routine Maintenance,0.0
0.41472879423339926,0.09838229385439856,0.937594753296791,Routine Maintenance,0.0
0.6261198959314092,0.15707670179337074,0.24036447235663339,Routine Maintenance,1.0
0.7749097299386358,0.6066538987448507,0.5586485588622954,Component Replacement,0.0
0.3218507022159178,0.7771176238761923,0.29412623595758847,Routine Maintenance,1.0
0.058137122835234756,0.6850116837517182,0.29608694779870515,Repair,0.0
0.15935042152761358,0.7189798940076557,0.6888787618232306,Repair,1.0
0.1181236648248074,0.19177667371039075,0.9381862368867182,Repair,1.0
0.5794444417389562,0.9871054834926709,0.2110498934351388,Routine Maintenance,1.0
0.8854619566422937,0.2707503289320856,0.7275777703109543,Component Replacement,1.0
0.9280911090466235,0.5360666478123945,0.22485516304269781,Repair,0.0
0.384625642874421,0.5536988794152373,0.4662304960213932,Component Replacement,1.0
0.45005206652739016,0.6273688688693553,0.38338000641320047,Component Replacement,1.0
0.11530418646147123,0.4198887807502669,0.11954427452912197,Repair,1.0
0.018638043381408842,0.2228159079308727,0.9547088318840582,Component Replacement,1.0
0.44765135114893173,0.8957630338350675,0.7612708063600628,Component Replacement,0.0
0.9682266147839593,0.5871051157295755,0.4248291848527863,Routine Maintenance,0.0
0.9010442514976109,0.15675298285838557,0.9922705392677593,Repair,0.0
0.09393243272593388,0.10169720237451774,0.042026434762894915,Repair,1.0
0.7913731916560778,0.94493461174803,0.5207042524160559,Component Replacement,0.0
0.13220125476915445,0.6784035306462048,0.955816428110265,Routine Maintenance,0.0
0.6525806826107976,0.9359569951761131,0.4313870510969684,Repair,0.0
0.8188159257781464,0.6749762179598897,0.5665451676407742,Component Replacement,0.0
0.06453502540127953,0.3869330611723618,0.9962893936658017,Routine Maintenance,1.0
0.2761240070344515,0.11734189034343867,0.028848655337144535,Routine Maintenance,0.0
0.3455320051210782,0.16432736360495226,0.5877417231876403,Repair,1.0
0.10112058622132913,0.09212577891148088,0.11771781821721472,Routine Maintenance,1.0
0.6653669999494021,0.3648345045599686,0.7956115908733059,Routine Maintenance,1.0
0.17262271042096788,0.5759616629285793,0.5590084072424739,Component Replacement,1.0
0.9408562945411294,0.7936336937729165,0.5648417751353461,Repair,1.0
0.10852572530032578,0.8470480943112089,0.3919245701721765,Routine Maintenance,0.0
0.10127031396272468,0.29770546962555655,0.804286870640536,Component Replacement,0.0
0.5212222164869749,0.49642543313430765,0.04213281233618016,Repair,1.0
0.552939930318038,0.2426927428463972,0.07835554573290882,Component Replacement,1.0
0.9395457237508387,0.7611602081649564,0.663429630241128,Repair,1.0
0.3128772559532331,0.6400003919779669,0.7975261804604088,Component Replacement,0.0
0.2713018564266658,0.7575029413164232,0.027435670485122632,Repair,0.0
0.10145012627991967,0.24738199338528033,0.04810987185523041,Repair,0.0
0.07498017894207898,0.7346269885245695,0.32081846295957783,Component Replacement,1.0
0.7018329606914575,0.43951147689402803,0.09939238117415616,Repair,0.0
0.8272991842347386,0.4784294679155989,0.5606859905237331,Routine Maintenance,0.0
0.5560980159140927,0.10130519499711954,0.22003162702040902,Routine Maintenance,1.0
0.07142328748853277,0.008451339174776917,0.16180723558598586,Routine Maintenance,1.0
0.6385747081114008,0.8715894467322742,0.4806813538898149,Routine Maintenance,0.0
0.05543253210690491,0.6038322841486528,0.594702467292969,Component Replacement,0.0
0.164683449639206,0.0990945826200591,0.26080060105962266,Repair,0.0
0.7337577824926775,0.31516667991891323,0.04135679467430187,Routine Maintenance,1.0
0.19521026043832101,0.8114429646380674,0.6209364304023861,Routine Maintenance,0.0
0.9116720227868953,0.6627638426335656,0.9803464196576632,Routine Maintenance,0.0
0.7565066672627907,0.6867305429871966,0.5281502486026559,Routine Maintenance,1.0
0.9489614088389127,0.9486148386336275,0.8453628163996085,Repair,1.0
0.7475663477883572,0.31124138999789586,0.918515277757892,Repair,1.0
0.4494295031466562,0.43074348852748456,0.9011848024913736,Repair,1.0
0.7841545877924787,0.07843184005474413,0.022364293707335392,Routine Maintenance,1.0
0.973689184825214,0.9628846201442169,0.7854580051633397,Component Replacement,1.0
0.73555382468028,0.006906929638005543,0.31346049969731604,Component Replacement,1.0
0.12206691782847301,0.42756634339962885,0.11411513109179738,Repair,0.0
0.6370829106045122,0.6156200982056133,0.44231222054856767,Routine Maintenance,1.0
0.49747162074742857,0.6489006406222768,0.1966867564615722,Repair,1.0
0.7143217234308503,0.5559195397993753,0.7266363715742901,Component Replacement,1.0
0.017155656048257306,0.8541892909997362,0.3222744535548263,Component Replacement,0.0
0.21751958608342203,0.420464257867879,0.3723304778372225,Routine Maintenance,1.0
0.38903601296683643,0.0,0.11542336285335342,Component Replacement,0.0
0.7626812645484273,0.5020154057710444,0.1662282250030338,Repair,0.0
0.10845586144618125,0.05393822812221627,0.8679436504364824,Repair,1.0
0.10781125870253483,0.03297466766820545,0.7011192726177544,Repair,1.0
0.7605074028584182,0.13158718781750567,0.3146622520389064,Component Replacement,0.0
0.45737088646439084,0.5985050351258951,0.4535097220615465,Routine Maintenance,1.0
0.6452311964092647,0.09534090595145162,0.8138451439038823,Routine Maintenance,0.0
0.2053247758081822,0.8884311977809072,0.6703927739099016,Component Replacement,0.0
0.35610840669589816,0.3424293067755837,0.17140085860933896,Component Replacement,1.0
0.1598195645001672,0.5771232481319908,0.7880146092933469,Component Replacement,0.0
0.46166325782978923,0.9477612683767271,0.7675422225414628,Routine Maintenance,1.0
0.648612562745499,0.6528643169960011,0.15554000788407585,Component Replacement,0.0
0.12186899623230651,0.4648316797048835,0.3505414867803025,Repair,0.0
0.5440184256907967,0.4032845351643648,0.32671349663099347,Component Replacement,1.0
0.7830784883170612,0.4494970425010498,0.12584542894875828,Routine Maintenance,0.0
0.9670700995248769,0.14571506879151186,0.13252504107093088,Repair,1.0
0.29054966055118747,0.47568692275523516,0.9680533797183015,Component Replacement,1.0
0.949140991625752,0.32369023684641895,0.7158332070803861,Repair,1.0
0.04349823660361718,0.18188440880461743,0.2737585886827474,Routine Maintenance,0.0
0.32497642401217064,0.6359504739596147,0.7223389456378726,Repair,1.0
0.7384877251125603,0.10246091841523297,0.9151464983628523,Routine Maintenance,1.0
0.7995543818224249,0.9990195576650074,0.8834016476200008,Routine Maintenance,0.0
0.7685855042376142,0.6262312647366122,0.26731407176911715,Routine Maintenance,1.0
0.6741509588816337,0.12593088126614216,0.8459023449514738,Component Replacement,1.0
0.16719317076491702,0.682392742076255,0.8495796276081053,Routine Maintenance,0.0
0.6129053636553872,0.3939159498488152,0.4199418507992001,Component Replacement,0.0
0.3200650960871032,0.7343209054025688,0.18011579522769905,Routine Maintenance,1.0
0.7830160802422883,0.9905268848848261,0.35914541437698055,Repair,1.0
0.33584606939389605,0.7072555952005461,0.09785933661542057,Component Replacement,1.0
0.9989029393471487,0.7402172819437083,0.6970748663574531,Component Replacement,0.0
0.5135104063633289,0.9536746284540987,0.21047748559621038,Repair,1.0
0.25213853600475566,0.845942616818006,0.2637748392138941,Repair,0.0
0.6197049438190785,0.7875109216654432,0.8610937850139337,Component Replacement,1.0
0.7090332057359001,0.20142959580541064,0.6029622025747385,Repair,1.0
0.024925357235058065,0.9454508706237201,0.4037738329162259,Repair,0.0
0.8353959845997272,0.0893616645179145,0.03171864964873272,Component Replacement,0.0
0.06928347499833087,0.13447908985078105,0.4503757785544442,Routine Maintenance,0.0
0.6240483013846321,0.3313553483330629,0.011683654154974743,Repair,0.0
0.2733858704051242,0.2173056416229726,0.040921099767088354,Routine Maintenance,1.0
0.10803141738869648,0.9349969647744079,0.5147593531086807,Routine Maintenance,0.0
0.05872627726411306,0.9294177954896168,0.6887066828973234,Component Replacement,0.0
0.9356847497110428,0.354785154278372,0.9319569742311402,Component Replacement,0.0
0.9872466697052289,0.9308218317336572,0.22303671463043395,Repair,1.0
0.33639893663450326,0.7373641801091237,0.9082106064643507,Repair,1.0
0.42582444100617245,0.3086368166223399,0.859622411164866,Repair,0.0
0.9246773408233011,0.8095283841625187,0.7628345839801218,Routine Maintenance,1.0
0.9608577621650802,0.19965072074869727,0.5982857815864415,Routine Maintenance,0.0
0.693421186332916,0.10863295409729634,0.39162921457275157,Routine Maintenance,0.0
0.8976643627091478,0.4834266044073978,0.8326372972599838,Routine Maintenance,1.0
0.07037664462771342,0.19717140243625186,0.7124862054816075,Routine Maintenance,0.0
0.24172051790563653,0.45162306862218027,0.6305599448308112,Component Replacement,1.0
0.21258691231276572,0.9388189808681278,0.0917577107605827,Component Replacement,1.0
0.5988307431891444,0.3671976547237963,0.24150077088480426,Repair,1.0
0.11525928610830327,0.049181353933714256,0.429158671119227,Routine Maintenance,0.0
0.33453016619597964,0.6497947918565181,0.4326760484750607,Component Replacement,0.0
0.42331664345293696,0.8417614091316483,0.1464880605759098,Routine Maintenance,0.0
0.11701878323776871,0.17554344912800457,0.6357523947092947,Repair,1.0
0.6925998933448367,0.38338483117676225,0.1987998926980845,Component Replacement,0.0
0.422860461407943,0.6435639453864299,0.5496852180453073,Repair,0.0
0.6976941351147561,0.9330274544522925,0.8810352854315067,Routine Maintenance,1.0
0.9349593850397255,0.80710302633489,0.4464865463226184,Component Replacement,0.0
0.8760263098039314,0.2370221302234543,0.4340488631442807,Repair,0.0
0.9622148020479955,0.1237159634068139,0.4531408555450156,Routine Maintenance,1.0
0.7087553506831759,0.33914211793600635,0.5181367203865888,Component Replacement,0.0
0.5396422614904646,0.1592836358347065,0.6827249855780262,Routine Maintenance,1.0
0.4718082901279379,0.5557571095998806,0.8355846605603783,Repair,0.0
0.859922565378044,0.8468215976677795,0.9624213318228119,Repair,0.0
0.5721663489301712,0.0561477379408466,0.453536329726139,Routine Maintenance,1.0
0.69797157157151,0.2135030294357081,0.6768365533872109,Component Replacement,0.0
0.8522222225118661,0.519134733663472,0.9628975271383187,Component Replacement,0.0
0.7113059225931346,0.49159468096706127,0.38074713485801537,Component Replacement,1.0
0.7310914976933747,0.33269391047239405,0.8239048641121332,Repair,0.0
1.0,0.8520644631966185,0.8481335411241084,Repair,1.0
0.5669753541952653,0.709392792694058,0.12063510834110769,Routine Maintenance,1.0
0.6560692576808469,0.5171278448951417,0.15064174916821838,Routine Maintenance,1.0
0.8535439545206485,0.001785672675882699,0.8136727031714588,Component Replacement,0.0
0.7934158367765916,0.1645581924730688,0.2345347046041475,Repair,0.0
0.9644834424440765,0.334624019578188,0.4705757841157254,Routine Maintenance,1.0
0.20542416536167085,0.09297272323814854,0.8182362460570616,Repair,0.0
0.8566014411465313,0.7867132078084556,0.839281360037198,Routine Maintenance,1.0
0.9781221370036093,0.751971337827076,0.9564787845131075,Repair,0.0
0.192933837321017,0.698120184166382,0.3205436773662811,Component Replacement,1.0
0.48207538381707415,0.7625924159835276,0.11370039965335499,Component Replacement,0.0
0.12663279836952945,0.35574656188512543,0.9328699476268465,Routine Maintenance,0.0
0.3693982471020085,0.057077155826464,0.5763672762638423,Component Replacement,1.0
0.11534434094021417,0.43441151337194683,0.9577129945337006,Repair,1.0
0.8235269723839744,0.024116224267153097,0.31518503343743376,Component Replacement,1.0
0.018778574432611883,0.8551476728697249,0.12879195400708454,Component Replacement,1.0
0.16717204488938897,0.5040469256139943,0.9846883610698871,Routine Maintenance,1.0
0.6230875572663601,0.7319538826210921,0.0015138258591154141,Repair,1.0
0.6865500078109621,0.8423375623960678,0.10152484871193135,Repair,1.0
0.6405925239779924,0.22244963260081185,0.2460846285082705,Routine Maintenance,1.0
0.21248307110348108,0.25387355992779126,0.1432226189305119,Component Replacement,1.0
0.4925018874104987,0.5543064957920236,0.039675343441672783,Component Replacement,1.0
0.7543440244163664,0.6233719061093232,0.033128898709889665,Routine Maintenance,1.0
0.5760654006505028,0.32813837124172096,0.4992642030052563,Routine Maintenance,1.0
0.001995099218456531,0.7674978985737053,0.7668489771830984,Repair,1.0
0.35357452796478483,0.8415397437283085,0.90835835911997,Routine Maintenance,1.0
0.41630355990372614,0.2495372637462625,0.30944686661137144,Component Replacement,1.0
0.8471628614660105,0.8725697330714468,0.36876170557212706,Component Replacement,1.0
0.10524110962894184,0.8424460339210702,0.6789538315443893,Component Replacement,0.0
0.9676124087441407,0.5454018864369494,0.7319821743865247,Routine Maintenance,0.0
0.13949933516470026,0.03543996502064961,0.04443478170652204,Component Replacement,1.0
0.8801689114495712,0.3088206037496459,0.9055141610603528,Component Replacement,0.0
0.9360258288814185,0.02733555521104547,0.6837568562564003,Repair,0.0
0.10753151835791463,0.07786939143471172,0.7686456298290452,Routine Maintenance,1.0
0.9893058095393652,0.5702363908464454,0.4918731760308712,Repair,0.0
0.3950272647605093,0.8706811272421895,0.8289599085364783,Component Replacement,1.0
0.5495351738844922,0.3826397051503141,0.8842968385657382,Component Replacement,0.0
0.6400427871558874,0.8619269122511393,0.35448173561036844,Component Replacement,1.0
0.41357305004807987,0.13999957239642247,0.20696023940685393,Repair,1.0
0.8400939030716028,0.8058633170185634,0.16891449431455507,Component Replacement,0.0
0.6697143446207887,0.022144340583246436,0.3309397638364784,Component Replacement,1.0
0.14353402752335853,0.2719602116150335,0.622000878528421,Repair,1.0
0.46823833604591414,0.2760370514139072,0.8358948439980831,Routine Maintenance,0.0
0.18020373171948645,0.6655433006292393,0.11549644656608393,Repair,1.0
0.18156620794073675,0.2463079736502185,0.697078607434884,Routine Maintenance,0.0
0.2668142761323393,0.299142630176396,0.45096240966607626,Component Replacement,0.0
0.4491572374251165,0.7747309852813677,0.9105782081313754,Repair,0.0
0.7302117246432491,0.27692373019739946,0.6928802358045676,Routine Maintenance,1.0
0.04634919566915663,0.6284782333217516,0.1759338656119125,Routine Maintenance,1.0
0.10475540878469403,0.9086855519942039,0.4294177577189675,Component Replacement,0.0
0.640110330804144,0.012462671793801006,0.48759000798441177,Component Replacement,1.0
0.9012540112619059,0.502295530569012,0.030263900021273216,Repair,0.0
0.8615032813676908,0.7358451034421087,0.3440387877060642,Routine Maintenance,1.0
0.41570677137541434,0.3880097446043451,0.046605285189867285,Repair,0.0
0.8049770568984478,0.005562275129487926,0.25610347446705406,Component Replacement,0.0
0.20653101094686122,0.10229207735168444,0.9281840000059272,Repair,1.0
0.8552562406601396,0.7770036132469835,0.05883488442394569,Routine Maintenance,0.0
0.9467117088546138,0.37111921929666547,0.8896324095058317,Routine Maintenance,0.0
0.4426007586752707,0.5882484883178216,0.3356483103445549,Component Replacement,0.0
0.45054922161808264,0.05907235256093579,0.015497050325940176,Repair,0.0
0.5324075617580961,0.780395249127378,0.11303357576271011,Component Replacement,0.0
0.36825873098920514,0.6905623926642472,0.2587902097570134,Repair,1.0
0.6788689953318512,0.9668179316649017,0.46900138635251043,Repair,1.0
0.011327315815698569,0.3680476642999002,0.7718351009210012,Repair,0.0
0.9220236935540216,0.8451122293190754,0.06370504315907466,Routine Maintenance,0.0
0.4973137977219322,0.36119467544167905,0.41324995253643193,Repair,1.0
0.6170097680806919,0.029266519012687953,0.9320389625385346,Routine Maintenance,1.0
0.15465529521430188,0.20728058991068687,0.7626510472752925,Component Replacement,0.0
0.4858310671809365,0.499961677112404,0.19248283113632114,Repair,1.0
0.46486717062866045,0.7328872940755127,0.43035724570775535,Routine Maintenance,0.0
0.8660972875172348,0.5431986153096671,0.18012129230071494,Routine Maintenance,0.0
0.02147224289259686,0.0011815662329177634,0.7000339720950279,Repair,0.0
0.38204415377831147,0.6934140302070924,0.3293698828283951,Repair,0.0
0.4757259854355036,0.037344142983980255,0.47729677918213964,Component Replacement,0.0
0.9743345284418732,0.1581709480441147,0.5371739181990907,Routine Maintenance,1.0
0.9791689547484514,0.9769593630491231,0.8009204885000929,Component Replacement,0.0
0.4932089543535785,0.07584509320536514,0.5092126833308597,Routine Maintenance,1.0
0.49828519412348005,0.5229413179418236,0.6160529467933049,Routine Maintenance,0.0
0.3288737450240973,0.6351853465966306,0.13569391184517787,Repair,0.0
0.7408496901604069,0.32941222538166737,0.9253794699781519,Routine Maintenance,0.0
0.6825133001200534,0.773266097234599,0.6219893376954935,Routine Maintenance,0.0
0.5707216210367481,0.8109050659183263,0.6217933400765445,Component Replacement,0.0
0.2806339411760401,0.9064185989131268,0.927572814743375,Repair,1.0
0.1032730488540965,0.23998738989695445,0.6962122291543955,Routine Maintenance,1.0
0.5470065067458592,0.9653328687168612,0.5633940673147917,Routine Maintenance,0.0
0.48210022034026334,0.506328781106907,0.38944380248841837,Component Replacement,0.0
0.12045833481534274,0.5402400507139506,0.5454167282141538,Repair,1.0
0.3760083396192764,0.3858818423889121,0.7865813911330095,Repair,1.0
0.8568657344149679,0.762446802948866,0.20617178100767664,Repair,1.0
0.5038665333738273,0.987966525296949,0.9764238102587854,Repair,0.0
0.12977566698417053,0.5892931441339937,0.5844580403885016,Repair,0.0
0.2627095785556879,0.5868874791840315,0.2642951194817216,Routine Maintenance,0.0
0.579975800304382,0.1806102129495335,0.6777718827088846,Component Replacement,0.0
0.6289094575521981,0.14415929935496785,0.8723732821291508,Component Replacement,1.0
0.6707652684088616,0.4041758161782256,0.8668010350383901,Routine Maintenance,1.0
0.09905870742207856,0.38296411151827825,0.7118547578877452,Repair,0.0
0.861759863304763,0.5977128405077743,0.6709770544138629,Routine Maintenance,1.0
0.3679551915920918,0.5620047530711609,0.43197415828565155,Repair,1.0
0.9738583317770999,0.054575990812785635,0.6445306803598774,Repair,0.0
0.7126089892791319,0.3840695163873331,0.26351272131954095,Repair,1.0
0.43025660524346954,0.42366087313011747,0.31341891144270084,Component Replacement,1.0
0.965742813300996,0.5257557346904134,0.21829536917708126,Repair,0.0
0.6749301929259479,0.2700941279067568,0.2527090861205914,Component Replacement,0.0
0.11122973929312518,0.15875241690535002,0.7732022243971564,Routine Maintenance,0.0
0.2030334580381199,0.6206052897417218,0.042844981396666704,Component Replacement,1.0
0.38588101251377704,0.8841675452354685,0.8743450141705034,Routine Maintenance,1.0
0.07024921041558319,0.2929557450538369,0.2798302461405626,Repair,1.0
0.03529102936533324,0.9705499354900107,0.31964367460320897,Component Replacement,1.0
0.06177763213958798,0.8575011592893031,0.725531764797906,Repair,0.0
0.8560654965897747,0.6809173835069697,0.2679547500167865,Repair,0.0
0.669493504708492,0.8776435472777484,0.12160533666448181,Routine Maintenance,0.0
0.9533038111089365,0.33299104151615877,0.6379873150275959,Repair,0.0
0.4263751689332951,0.23037746217278499,0.5882259627952449,Repair,0.0
0.13319394906913473,0.5119130359037416,0.9771640165433766,Routine Maintenance,0.0
0.49234603823256595,0.48252259835766775,0.8744130389686315,Routine Maintenance,0.0
